{"cameraMode":{"drawMode":0,"name":"Shaded","section":"Shading Mode"},"sceneLighting":true,"audioPlay":false,"sceneViewState":{"showFog":true,"showMaterialUpdate":false,"showSkybox":true,"showFlares":true,"showImageEffects":true,"showParticleSystems":true},"in2DMode":false,"pivot":{"x":276.1744079589844,"y":221.15689086914063,"z":81.4830322265625},"rotation":{"x":0.11002828925848007,"y":-0.056034088134765628,"z":0.00621292507275939,"w":0.9923282861709595},"size":800.8368530273438,"orthographic":false}