{"cameraMode":{"drawMode":0,"name":"Shaded","section":"Shading Mode"},"sceneLighting":true,"audioPlay":false,"sceneViewState":{"showFog":true,"showMaterialUpdate":false,"showSkybox":true,"showFlares":true,"showImageEffects":true,"showParticleSystems":true},"in2DMode":false,"pivot":{"x":2.4200000762939455,"y":3.0,"z":-9.40999984741211},"rotation":{"x":0.07096722722053528,"y":-0.10544002056121826,"z":0.007544101215898991,"w":0.9918615221977234},"size":2.3999998569488527,"orthographic":false}