{"cameraMode":{"drawMode":0,"name":"Shaded","section":"Shading Mode"},"sceneLighting":true,"audioPlay":false,"sceneViewState":{"showFog":true,"showMaterialUpdate":false,"showSkybox":true,"showFlares":true,"showImageEffects":true,"showParticleSystems":true},"in2DMode":false,"pivot":{"x":0.0,"y":2.0678913593292238,"z":-3.839996814727783},"rotation":{"x":0.2643176019191742,"y":0.054062746465206149,"z":-0.014841856434941292,"w":0.9628048539161682},"size":8.893059730529786,"orthographic":false}