{"cameraMode":{"drawMode":0,"name":"Shaded","section":"Shading Mode"},"sceneLighting":true,"audioPlay":false,"sceneViewState":{"showFog":true,"showMaterialUpdate":false,"showSkybox":true,"showFlares":true,"showImageEffects":true,"showParticleSystems":true},"in2DMode":false,"pivot":{"x":2.4200000762939455,"y":3.0,"z":-9.40999984741211},"rotation":{"x":0.11002828925848007,"y":-0.056034088134765628,"z":0.00621292507275939,"w":0.9923282861709595},"size":2.6999998092651369,"orthographic":false}