{"cameraMode":{"drawMode":0,"name":"Shaded","section":"Shading Mode"},"sceneLighting":false,"audioPlay":false,"sceneViewState":{"showFog":true,"showMaterialUpdate":false,"showSkybox":false,"showFlares":true,"showImageEffects":true,"showParticleSystems":true},"in2DMode":false,"pivot":{"x":1.7000000476837159,"y":3.702044725418091,"z":-2.006016254425049},"rotation":{"x":-0.050545189529657367,"y":0.6784812808036804,"z":-0.04688967391848564,"w":-0.7313752770423889},"size":11.286017417907715,"orthographic":false}