{"cameraMode":{"drawMode":0,"name":"Shaded","section":"Shading Mode"},"sceneLighting":true,"audioPlay":false,"sceneViewState":{"showFog":true,"showMaterialUpdate":false,"showSkybox":true,"showFlares":true,"showImageEffects":true,"showParticleSystems":true},"in2DMode":false,"pivot":{"x":0.7226802110671997,"y":1.7313820123672486,"z":-2.2981374263763429},"rotation":{"x":-0.11750169843435288,"y":0.5927858948707581,"z":-0.08796022087335587,"w":-0.7918720245361328},"size":12.24007511138916,"orthographic":false}