{"cameraMode":{"drawMode":0,"name":"Shaded","section":"Shading Mode"},"sceneLighting":true,"audioPlay":false,"sceneViewState":{"showFog":true,"showMaterialUpdate":false,"showSkybox":true,"showFlares":true,"showImageEffects":true,"showParticleSystems":true},"in2DMode":false,"pivot":{"x":218.74267578125,"y":417.46380615234377,"z":15.711782455444336},"rotation":{"x":0.11002828925848007,"y":-0.056034088134765628,"z":0.00621292507275939,"w":0.9923282861709595},"size":524.8095703125,"orthographic":false}