{"cameraMode":{"drawMode":0,"name":"Shaded","section":"Shading Mode"},"sceneLighting":false,"audioPlay":false,"sceneViewState":{"showFog":true,"showMaterialUpdate":false,"showSkybox":false,"showFlares":true,"showImageEffects":true,"showParticleSystems":true},"in2DMode":false,"pivot":{"x":0.5101442337036133,"y":3.0053582191467287,"z":-2.814110279083252},"rotation":{"x":-0.012303031049668789,"y":0.7756640911102295,"z":-0.01512736827135086,"w":-0.63084477186203},"size":6.580698013305664,"orthographic":false}