{"cameraMode":{"drawMode":0,"name":"Shaded","section":"Shading Mode"},"sceneLighting":true,"audioPlay":false,"sceneViewState":{"showFog":true,"showMaterialUpdate":false,"showSkybox":true,"showFlares":true,"showImageEffects":true,"showParticleSystems":true},"in2DMode":false,"pivot":{"x":276.6427917480469,"y":134.28131103515626,"z":310.079833984375},"rotation":{"x":-0.01706448756158352,"y":-0.02790004014968872,"z":-0.00047647030442021787,"w":0.9994649887084961},"size":766.1517944335938,"orthographic":false}