{"cameraMode":{"drawMode":0,"name":"Shaded","section":"Shading Mode"},"sceneLighting":true,"audioPlay":false,"sceneViewState":{"showFog":true,"showMaterialUpdate":false,"showSkybox":true,"showFlares":true,"showImageEffects":true,"showParticleSystems":true},"in2DMode":false,"pivot":{"x":117.66778564453125,"y":163.75714111328126,"z":174.08839416503907},"rotation":{"x":0.15860320627689362,"y":-0.2439788430929184,"z":0.04048234969377518,"w":0.9558663964271545},"size":588.32470703125,"orthographic":false}