{"cameraMode":{"drawMode":0,"name":"Shaded","section":"Shading Mode"},"sceneLighting":true,"audioPlay":false,"sceneViewState":{"showFog":true,"showMaterialUpdate":false,"showSkybox":true,"showFlares":true,"showImageEffects":true,"showParticleSystems":true},"in2DMode":false,"pivot":{"x":-14.86755084991455,"y":6.2699689865112309,"z":25.760000228881837},"rotation":{"x":-0.017216043546795846,"y":-0.7132333517074585,"z":-0.01752925105392933,"w":0.7004958987236023},"size":113.2418212890625,"orthographic":false}