{"cameraMode":{"drawMode":0,"name":"Shaded","section":"Shading Mode"},"sceneLighting":false,"audioPlay":false,"sceneViewState":{"showFog":true,"showMaterialUpdate":false,"showSkybox":false,"showFlares":true,"showImageEffects":true,"showParticleSystems":true},"in2DMode":false,"pivot":{"x":-0.08712425827980042,"y":0.38344714045524599,"z":0.46435546875},"rotation":{"x":0.08464307337999344,"y":0.6932438611984253,"z":-0.08253545314073563,"w":0.7109404802322388},"size":1.870208978652954,"orthographic":true}