{"cameraMode":{"drawMode":0,"name":"Shaded","section":"Shading Mode"},"sceneLighting":true,"audioPlay":false,"sceneViewState":{"showFog":true,"showMaterialUpdate":false,"showSkybox":true,"showFlares":true,"showImageEffects":true,"showParticleSystems":true},"in2DMode":false,"pivot":{"x":-20.426395416259767,"y":-44.6640739440918,"z":24.526697158813478},"rotation":{"x":-0.3812423646450043,"y":0.45527660846710207,"z":-0.22465842962265016,"w":-0.7725970149040222},"size":120.43898010253906,"orthographic":false}