{"cameraMode":{"drawMode":0,"name":"Shaded","section":"Shading Mode"},"sceneLighting":true,"audioPlay":false,"sceneViewState":{"showFog":true,"showMaterialUpdate":false,"showSkybox":true,"showFlares":true,"showImageEffects":true,"showParticleSystems":true},"in2DMode":false,"pivot":{"x":-0.8610203266143799,"y":-4.965211868286133,"z":4.064393043518066},"rotation":{"x":-0.07666445523500443,"y":0.7805824279785156,"z":-0.0976877361536026,"w":-0.6125934720039368},"size":47.45590591430664,"orthographic":false}