{"cameraMode":{"drawMode":0,"name":"Shaded","section":"Shading Mode"},"sceneLighting":true,"audioPlay":false,"sceneViewState":{"showFog":true,"showMaterialUpdate":false,"showSkybox":true,"showFlares":true,"showImageEffects":true,"showParticleSystems":true},"in2DMode":false,"pivot":{"x":2.331092596054077,"y":2.428241729736328,"z":-10.18712043762207},"rotation":{"x":0.0820714607834816,"y":-0.7197492718696594,"z":0.0863691046833992,"w":0.6839340329170227},"size":4.564327716827393,"orthographic":false}