{"cameraMode":{"drawMode":0,"name":"Shaded","section":"Shading Mode"},"sceneLighting":false,"audioPlay":false,"sceneViewState":{"showFog":true,"showMaterialUpdate":false,"showSkybox":false,"showFlares":true,"showImageEffects":true,"showParticleSystems":true},"in2DMode":false,"pivot":{"x":-1.100281000137329,"y":9.082075119018555,"z":-2.642704963684082},"rotation":{"x":0.10037180036306381,"y":-0.21261446177959443,"z":0.021961504593491555,"w":0.9717193245887756},"size":15.415771484375,"orthographic":false}